
Saksham Garg <saksham2700@gmail.com> <sakshamgarg@Sakshams-MacBook-Air.local>
Saksham Garg <saksham2700@gmail.com> <sakshamgarg@ip-192-168-1-2.ap-south-1.compute.internal>
Saksham Garg <saksham2700@gmail.com> <sakshamgarg@pc.local>
Saksham Garg <saksham2700@gmail.com> <sakshamgarg@ip-192-168-1-3.ap-south-1.compute.internal>
Saksham Garg <saksham2700@gmail.com> <sakshamgarg@ip-192-168-1-34.ap-south-1.compute.internal>
Saksham Garg <saksham2700@gmail.com> <sakshamgarg@ip-192-168-1-7.ap-south-1.compute.internal>
Saksham Garg <saksham2700@gmail.com> <sakshamgarg@ip-192-168-1-4.ap-south-1.compute.internal>
Saksham Garg <saksham2700@gmail.com> <sakshamgarg@ip-192-168-1-21.ap-south-1.compute.internal>
Saksham Garg <saksham2700@gmail.com> <sakshamgarg@ip-192-168-1-15.ap-south-1.compute.internal>
Saksham Garg <saksham2700@gmail.com> <sakshamgarg@ip-192-168-1-5.ap-south-1.compute.internal>
Saksham Garg <saksham2700@gmail.com> <47492723+sak1sham@users.noreply.github.com>
Saksham Garg <saksham2700@gmail.com> <sakshamgarg@ip-192-168-43-124.ap-south-1.compute.internal>

Manish Prakash <manisharies.iitg@gmail.com> Manish <manish.prakash@citymall.live>

Anchit Tandon <anchit.tandon@gmail.com> anchittandon2803 <anchit.tandon@citymall.live>
Anchit Tandon <anchit.tandon@gmail.com> <101175840+anchittandon2803@users.noreply.github.com>
Anchit Tandon <anchit.tandon@gmail.com> <anchit@Anchits-MacBook-Pro.local>
Anchit Tandon <anchit.tandon@gmail.com> <anchit@ip-192-168-0-3.ap-south-1.compute.internal>
Anchit Tandon <anchit.tandon@gmail.com> <anchit@Anchits-MBP.Dlink>
Anchit Tandon <anchit.tandon@gmail.com> <anchit@ip-192-168-1-53.ap-south-1.compute.internal>

Mukesh Bhati <mukeshbhatisikar@gmail.com> <mukeshbhati@ip-192-168-0-7.ap-south-1.compute.internal>

kaustubhsharma-009 <kaustubhsharma56@gmail.com> Kaustubh Sharma <62393587+kaustubhsharma-009@users.noreply.github.com>

Rahul Agarwal <rahul.agarwal@citymall.live> <rahulagarwal@Dhairyas-MacBook-Pro.local>
Rahul Agarwal <rahul.agarwal@citymall.live> <rahulagarwal@ip-10-5-49-126.ap-south-1.compute.internal>
Rahul Agarwal <rahul.agarwal@citymall.live> rahul-citymall <100707381+rahul-citymall@users.noreply.github.com>
Rahul Agarwal <rahul.agarwal@citymall.live> <rahulagarwal@ip-192-168-1-33.ap-south-1.compute.internal>
Rahul Agarwal <rahul.agarwal@citymall.live> <rahulagarwal@ip-192-168-1-35.ap-south-1.compute.internal>
Rahul Agarwal <rahul.agarwal@citymall.live> <rahulagarwal@ip-192-168-0-134.ap-south-1.compute.internal>

prakshalm <prakshalm99@gmail.com>

saikeerthan14 <sai.keerthan@citymall.live> saikeerthan14 <99484290+saikeerthan14@users.noreply.github.com>

chiragbhatia8 <chiragbhatia8@gmail.com> Chirag Bhatia <51070946+chiragbhatia8@users.noreply.github.com>

Mohit Bahri <mohitbahri.2593@gmail.com> MohitBahri <104497528+MohitBahri@users.noreply.github.com>